{
    "header": {
        "frame_id": "world",
        "seq": 1,
        "stamp": {
            "nsecs": 969430923,
            "secs": 1504906077
        }
    },
    "pose": {
        "orientation": {
            "w": 0.9990680138967087,
            "x": 0.0,
            "y": 0.0,
            "z": 0.04316368390772283
        },
        "position": {
            "x": 1211.492,
            "y": 1190.215,
            "z": 0.04259634
        }
    }
}
